theta_(nup, lam) == T_11^(-1)_(nup, 3n + lambda), theta_nup0^2 + theta_nup1^2, E_nup
(-5.884835491900375e-14-3.634389083138128e-14j) , (-1.88050481283222e-15-4.886234115102939e-14j) , 7.175071958547057e-27 , 0.010458885770906715
(-0.6744012773893384-0.11324931531309004j) , (-0.03053679239076857-0.2753099042047164j) , 0.5443705294059822 , 0.010454534001974752
(-0.2065757999210921-0.18453855404681171j) , (-0.29884746950895374+0.6150875387547303j) , 0.544370529405984 , 0.010454534001974736
(-0.432579222267471-0.3605605942935028j) , (-0.26194649847971285+0.6293922861749298j) , 0.781879343657101 , 0.0017307567564936242
(-0.3068297152581221+0.608774296268257j) , (-0.5553641257147999-0.0932706468501894j) , 0.7818793436571085 , 0.001730756756493623
