relative contribution to rate (dimensionless), Energy (eV) 
1.0 , 0.010458885770906715
0.9701882684139772 , 0.010454534001974752
0.9701882684139769 , 0.010454534001974736
