theta_(nup, lam) == T_11^(-1)_(nup, 3n + lambda), theta_nup0^2 + theta_nup1^2, E_nup
(0.0024625901758670945-0.22208423827269566j) , (-0.001411461174493852-0.39569973831885646j) , 0.20590774836779632 , 0.035312171227889405
(0.24254747779880184+0.31265155707544157j) , (-0.13869291531993563-0.1734697336125093j) , 0.20590774836779613 , 0.035312171227889405
(-2.5421768472454034e-15+9.49240770451247e-14j) , (1.562081609049593e-15+4.279377165896955e-14j) , 1.0850790057744798e-26 , 0.03528448409759688
(-0.018325637874196762+0.8099761910836374j) , (0.01048800252339648+0.9722677945217965j) , 1.6018119215870623 , 0.0026694254133201945
(-0.10310782551175793+0.9668419926645093j) , (0.058957223428836664-0.808035460194306j) , 1.601811921587104 , 0.0026694254133201693
