relative contribution to rate (dimensionless), Energy (eV) 
1.0 , 0.034882545707235826
0.9999999148689176 , 0.034882537109222025
0.9999998093824877 , 0.0348825280719064
