relative contribution to rate (dimensionless), Energy (eV) 
0.9986868206226528 , 0.027710873182841864
0.9986868131465403 , 0.027710873175570135
1.0 , 0.0276832869752993
