theta_(nup, lam) == T_11^(-1)_(nup, 3n + lambda), theta_nup0^2 + theta_nup1^2, E_nup
(-0.12254998590472943-0.19069999418436798j) , (-0.21804440039807926-0.02707035354693874j) , 0.09966115141328152 , 0.027710873182841864
(-0.1349039323196086+0.17342748703639826j) , (-0.048361933595777715-0.22146356318423083j) , 0.09966115065443185 , 0.027710873175570135
(-1.7397575094627912e-08-2.709130378531495e-08j) , (-3.0943205959891125e-08-3.851943466846506e-09j) , 2.0089338235094605e-15 , 0.0276832869752993
(-0.4605177536835324-0.7721686876346782j) , (-0.7902183748119664-0.1250424223835454j) , 1.4484017709071981 , 0.001859019813300221
(-0.5213134955970621+0.6068879033427196j) , (-0.14891718575787663-0.8866480451749225j) , 1.4484017721419074 , 0.001859019812254648
