relative contribution to rate (dimensionless), Energy (eV) 
0.9979989831147413 , 0.021966144960942114
0.9979989831147409 , 0.021966144960942107
1.0 , 0.02193760727208088
