theta_(nup, lam) == T_11^(-1)_(nup, 3n + lambda), theta_nup0^2 + theta_nup1^2, E_nup
(0.19348458891951398-0.17233334384712415j) , (0.2368079594917178+0.06855432369186454j) , 0.12791277252636443 , 0.021966144960942114
(-0.1100544755549479-0.22060307655562056j) , (-0.13469690517474586+0.22134093902220187j) , 0.12791277252636418 , 0.021966144960942107
(1.3947644157062515e-14-1.6722308838335764e-13j) , (1.7491496510680576e-14+1.0751512996111938e-13j) , 4.0023553686739824e-26 , 0.02193760727208088
(-0.4027407023422902+0.548236094830726j) , (-0.4929189499796462+0.8195396122634501j) , 1.377377156316369 , 0.0018163567110574417
(-0.03235697754222638+0.9558071423264626j) , (-0.039602081581170324-0.6791130716845548j) , 1.3773771563163397 , 0.0018163567110574316
