theta_(nup, lam) == T_11^(-1)_(nup, 3n + lambda), theta_nup0^2 + theta_nup1^2, E_nup
(-3.322958243895047e-14-8.428328865681163e-14j) , (-1.0256141703132525e-13+1.100339127064059e-13j) , 3.08341841048288e-26 , 0.0778178815514397
(-0.4354890798194109+0.1549011002479528j) , (0.5779085985740374-0.5162509327276728j) , 0.8141384633479836 , 0.07770114989335991
(0.7542313463254916+0.17784389241139942j) , (0.4566189166598821-0.07172345814542974j) , 0.8141384633479846 , 0.07770114989335988
(0.5379773130042118+0.516806132731037j) , (0.3789152345458816-0.4600889556962355j) , 0.9117667702602549 , 0.004039928541679325
(0.3427664754754284-0.48761639165922865j) , (0.6412542896295188+0.381183819393464j) , 0.9117667702602616 , 0.004039928541679238
