relative contribution to rate (dimensionless), Energy (eV) 
1.0 , 0.0778178815514397
0.9899477548443408 , 0.07770114989335991
0.9899477548443403 , 0.07770114989335988
