theta_(nup, lam) == T_11^(-1)_(nup, 3n + lambda), theta_nup0^2 + theta_nup1^2, E_nup
(-1.598157609058899e-13+3.59314434169878e-13j) , (3.8395984634297226e-14+1.986935043969239e-13j) , 1.9560130036231574e-25 , 0.08307596000735336
(-0.04372762666994127+0.2431662825042116j) , (0.010235866610224844+0.7944438312059573j) , 0.6922877201875657 , 0.08303382452293052
(-0.5066418736651657+0.6120128967231921j) , (0.1185959372178563-0.21674166640616765j) , 0.6922877201875665 , 0.08303382452293051
(0.009172196434673579+0.5923188083295257j) , (-0.002147049419041544-0.9882316008321941j) , 1.3275320065929144 , 0.004633201273056725
(0.00946034393294027+0.9881886503078514j) , (-0.0022145005632505967+0.5923856816936185j) , 1.3275320065929404 , 0.004633201273056615
