relative contribution to rate (dimensionless), Energy (eV) 
1.0 , 0.08307596000735336
0.9937404889501417 , 0.08303382452293052
0.9937404889501411 , 0.08303382452293051
