theta_(nup, lam) == T_11^(-1)_(nup, 3n + lambda), theta_nup0^2 + theta_nup1^2, E_nup
(1.0151686586002695e-13+1.6358229847723272e-13j) , (-1.491525618602759e-14+1.2292778526332957e-13j) , 5.239854768597927e-26 , 0.031016393817704865
(-0.03753365030397137+0.614120080432485j) , (0.07923934903046503+0.4856250333671036j) , 0.620662795563115 , 0.030996660144325883
(0.49202008751374926-0.0051750314524735j) , (-0.5985971435442655+0.1422452383603306j) , 0.6206627955631129 , 0.030996660144325866
(0.6775141197020439+0.10406572803549222j) , (-0.6986474481843444+0.23458016429506395j) , 1.0129911684823878 , 0.002924643240385528
(0.5598880693366831-0.4792300701642641j) , (0.25839617942900966-0.6348909139400938j) , 1.0129911684824005 , 0.002924643240385527
