relative contribution to rate (dimensionless), Energy (eV) 
1.0 , 0.031016393817704865
0.9868037628488998 , 0.030996660144325883
0.9868037628489021 , 0.030996660144325866
