relative contribution to rate (dimensionless), Energy (eV) 
1.0 , 0.05033155790129208
0.9908909935263723 , 0.05030228720011425
0.9908909935263702 , 0.05030228720011423
