theta_(nup, lam) == T_11^(-1)_(nup, 3n + lambda), theta_nup0^2 + theta_nup1^2, E_nup
(-2.8054622240650616e-14+5.543674984370573e-13j) , (1.4451639225382782e-14-1.6819966861751016e-13j) , 3.3661036355176725e-25 , 0.05033155790129208
(0.014702922511478688-0.737298636346128j) , (-0.00835157729511743+0.33258729768653333j) , 0.6545095145139856 , 0.05030228720011425
(0.0013682800907705232+0.33268932540035173j) , (-0.0007772122834594881+0.737444812192279j) , 0.654509514513987 , 0.05030228720011423
(-0.004471202341008721-0.5941656236686781j) , (0.002539738923925216-0.8970299249374484j) , 1.1577219165070494 , 0.0036751547378393256
(0.06506189382421579+0.8946709375402284j) , (-0.036956559051802236-0.5930320334880997j) , 1.157721916507085 , 0.003675154737839217
