relative contribution to rate (dimensionless), Energy (eV) 
1.0 , 0.020457716204752393
0.9799566856396387 , 0.02043713052570995
0.9799566856396399 , 0.020437130525709956
