theta_(nup, lam) == T_11^(-1)_(nup, 3n + lambda), theta_nup0^2 + theta_nup1^2, E_nup
(-7.876305817167495e-14+9.41735672504272e-15j) , (-8.325884958592953e-14+1.2755892412169903e-13j) , 2.949562109769917e-26 , 0.020457716204752393
(-0.054824734368243325-0.05880532871042091j) , (0.5202132683117224-0.5881603673305793j) , 0.6230182804092952 , 0.02043713052570995
(0.7852093458348995+0.0008633884039902397j) , (-0.007637846992135893-0.08003425189638379j) , 0.6230182804092961 , 0.020437130525709956
(0.9191916450430954-1.0803555186311054e-05j) , (9.55721771073729e-05-0.12537433425735753j) , 0.8606320132582653 , 0.0023741317072228665
(-0.12537349085271224-0.00046969769163854156j) , (0.004155116160770699-0.9191822536599816j) , 0.860632013258269 , 0.0023741317072228565
