theta_(nup, lam) == T_11^(-1)_(nup, 3n + lambda), theta_nup0^2 + theta_nup1^2, E_nup
(8.017865476035876e-15-6.642756774616889e-14j) , (-7.990079265594634e-15+6.914444168265323e-14j) , 9.321703105739984e-27 , 0.027681860478126333
(-0.4968124574413697+0.27958537240892245j) , (0.46130889891875243-0.6231622545654738j) , 0.9261276940707248 , 0.02732438399420236
(0.7547325963457746+0.17752690993176953j) , (0.5598262174393458-0.10763458831399461j) , 0.9261276940707254 , 0.02732438399420232
(-0.34019003601769227-0.10345067018657435j) , (-0.39167552133507216+0.12191307309450751j) , 0.2947038131722175 , 0.0019038787935676742
(0.2645961700035203+0.31346670991336867j) , (-0.34242539670620314-0.09579222023925264j) , 0.29470381317220995 , 0.0019038787935677071
