relative contribution to rate (dimensionless), Energy (eV) 
1.0 , 0.027681860478126333
0.955230789845 , 0.02732438399420236
0.9552307898450033 , 0.02732438399420232
