theta_(nup, lam) == T_11^(-1)_(nup, 3n + lambda), theta_nup0^2 + theta_nup1^2, E_nup
(-5.223352896099337e-15+4.683584787855593e-14j) , (1.8124704104994002e-15+2.0124778385382156e-14j) , 2.6291718160301024e-27 , 0.017843203403773593
(0.35856485789540826-0.8587367152661821j) , (-0.11972907913367187+0.19366332125462524j) , 0.9178380378532756 , 0.017522666006177752
(0.03318445382913951+0.22525391542352946j) , (-0.01108068460443644+0.9305238964649999j) , 0.9178380378532777 , 0.01752266600617772
(-0.013211419862495303-0.15899042538255817j) , (0.004411450538108092-0.4872872932977943j) , 0.2629208640834507 , 0.0015777953247348138
(0.4712776257209276-0.12395872942309027j) , (-0.15736521553187263+0.026242826042881938j) , 0.2629208640834513 , 0.0015777953247348218
