relative contribution to rate (dimensionless), Energy (eV) 
1.0 , 0.017843203403773593
0.9341518328189098 , 0.017522666006177752
0.9341518328189136 , 0.01752266600617772
