theta_(nup, lam) == T_11^(-1)_(nup, 3n + lambda), theta_nup0^2 + theta_nup1^2, E_nup
(2.1691418014036905e-15+2.997359583744655e-14j) , (2.4226778593509433e-14-3.728545045877462e-14j) , 2.8802632405138537e-27 , 0.01423767375520409
(0.017896852382077166-0.5912802473669312j) , (-0.6637089061264904+0.3520302317860841j) , 0.9143674244144717 , 0.01393127533835176
(-0.7489137710809904+0.059690532316578906j) , (-0.3327751686321205-0.48907393653040576j) , 0.9143674244144702 , 0.013931275338351751
(0.38203961454441737-0.10977531074509463j) , (0.0766590292299765+0.28680953703415707j) , 0.246141203226659 , 0.0014281769275516134
(0.006156179700686715-0.29681377789402386j) , (-0.3971903688112242-0.01564278920250417j) , 0.24614120322666033 , 0.0014281769275516186
