relative contribution to rate (dimensionless), Energy (eV) 
1.0 , 0.01423767375520409
0.9194121477359805 , 0.01393127533835176
0.9194121477359841 , 0.013931275338351751
