relative contribution to rate (dimensionless), Energy (eV) 
0.9959580176614757 , 0.04143576785691222
0.9959580176614763 , 0.04143576785691222
1.0 , 0.04142020501788677
