theta_(nup, lam) == T_11^(-1)_(nup, 3n + lambda), theta_nup0^2 + theta_nup1^2, E_nup
(0.529757127010961+0.0019295524338305134j) , (0.003148745120707079+0.32126454040491237j) , 0.3838671563089171 , 0.04143576785691222
(-0.19469913753501059-0.25556420985837724j) , (-0.4170477649391949+0.3266764432136535j) , 0.383867156308915 , 0.04143576785691222
(2.902389164305619e-14+1.7962482195711106e-14j) , (2.956648151509782e-14+3.51468787495712e-13j) , 1.2556952246562768e-25 , 0.04142020501788677
(-1.0967888725390296+0.00024797006696807873j) , (0.00040473115409057236-0.5769147472350645j) , 1.5357766817991956 , 0.0033488239077646043
(0.5769025131041845-0.0037788567968235517j) , (-0.006166692612577954-1.096771564327249j) , 1.535776681799234 , 0.003348823907764595
